"id","buildingID","personID","age","education","trans01","trans02","trans03","lifeType"
"0","0","0","age35_64","jhighsch","walk","walk","walk","studyandwork"
"1","0","1","age35_64","jhighsch","walk","train","car","studyandwork"
"2","0","2","age25_34","university","walk","train","car","studyandwork"
"3","1","0","age15_24","jhighsch","car","walk","car","workonly"
"4","1","1","age25_34","primarysch","bus","walk","walk","studyandwork"
"5","1","2","age35_64","shighsch","train","bus","car","workonly"
"6","2","0","age15_24","primarysch","bus","train","walk","studyandwork"
"7","2","1","age35_64","shighsch","walk","car","walk","workonly"
"8","2","2","age35_64","jhighsch","bus","walk","bus","studyandwork"
"9","3","0","age35_64","university","car","bus","walk","workonly"
"10","3","1","age15_24","jhighsch","train","car","bus","workonly"
"11","3","2","age35_64","university","train","car","car","workonly"
"12","4","0","age5_14","primarysch","walk","train","bus","studyonly"
"13","4","1","age15_24","primarysch","walk","train","walk","studyandwork"
"14","4","2","age35_64","jhighsch","car","walk","train","workonly"
"15","5","0","age35_64","shighsch","walk","walk","train","workonly"
"16","5","1","age25_34","university","car","car","car","studyandwork"
"17","5","2","age25_34","shighsch","walk","walk","car","workonly"
"18","6","0","age35_64","shighsch","car","bus","walk","workonly"
"19","6","1","age15_24","primarysch","bus","bus","walk","studyandwork"
"20","6","2","age5_14","primarysch","bus","walk","walk","studyonly"
"21","7","0","age25_34","jhighsch","bus","train","walk","workonly"
"22","7","1","age35_64","primarysch","bus","train","walk","studyandwork"
"23","7","2","age5_14","primarysch","train","walk","train","studyonly"
"24","8","0","age35_64","jhighsch","train","walk","bus","studyandwork"
"25","8","1","age25_34","shighsch","bus","car","car","studyandwork"
"26","8","2","age25_34","university","train","walk","walk","workonly"
"27","9","0","age25_34","shighsch","walk","car","bus","studyandwork"
"28","9","1","age15_24","primarysch","bus","bus","bus","studyandwork"
"29","9","2","age35_64","jhighsch","walk","bus","car","workonly"
"30","10","0","age25_34","university","train","train","car","studyandwork"
"31","10","1","age25_34","shighsch","bus","walk","car","workonly"
"32","10","2","age25_34","university","train","car","walk","studyandwork"
"33","11","0","age35_64","jhighsch","bus","walk","car","workonly"
"34","11","1","age25_34","shighsch","car","car","walk","workonly"
"35","12","0","age15_24","primarysch","bus","walk","bus","workonly"
"36","12","1","age35_64","jhighsch","bus","train","train","studyandwork"
"37","13","0","age25_34","shighsch","bus","bus","car","workonly"
"38","13","1","age5_14","primarysch","walk","walk","bus","studyonly"
"39","14","0","age65_79","jhighsch","walk","car","car","noactivity"
"40","14","1","age35_64","primarysch","train","train","car","workonly"
"41","15","0","age65_79","university","walk","car","car","noactivity"
"42","15","1","age25_34","jhighsch","walk","bus","train","workonly"
"43","16","0","age0_4","kindergarten","walk","train","walk","noactivity"
"44","16","1","age25_34","shighsch","train","car","car","workonly"
"45","17","0","age25_34","shighsch","car","walk","bus","studyandwork"
"46","17","1","age35_64","university","walk","train","car","studyandwork"
"47","18","0","age35_64","shighsch","bus","walk","bus","workonly"
"48","18","1","age25_34","primarysch","walk","walk","train","workonly"
"49","19","0","age25_34","shighsch","train","bus","car","studyandwork"
"50","19","1","age15_24","primarysch","walk","walk","car","studyandwork"
"51","20","0","age35_64","university","walk","bus","car","workonly"
"52","20","1","age35_64","primarysch","car","walk","walk","workonly"
"53","21","0","age5_14","primarysch","bus","walk","walk","studyonly"
"54","21","1","age65_79","jhighsch","car","walk","car","noactivity"
"55","22","0","age15_24","university","train","walk","car","workonly"
"56","22","1","age0_4","kindergarten","walk","walk","walk","noactivity"
"57","23","0","age35_64","primarysch","train","walk","walk","workonly"
"58","23","1","age35_64","university","car","car","walk","studyandwork"
"59","24","0","age35_64","jhighsch","walk","walk","train","workonly"
"60","24","1","age35_64","primarysch","walk","walk","bus","workonly"
"61","25","0","age25_34","university","train","train","train","workonly"
"62","25","1","age25_34","jhighsch","car","bus","bus","studyandwork"
"63","26","0","age25_34","university","bus","car","car","workonly"
"64","26","1","age0_4","kindergarten","walk","walk","car","noactivity"
"65","27","0","age0_4","kindergarten","walk","train","walk","noactivity"
"66","27","1","age35_64","shighsch","walk","train","bus","workonly"
"67","28","0","age35_64","jhighsch","train","train","bus","workonly"
"68","28","1","age35_64","shighsch","train","train","walk","studyandwork"
"69","29","0","age35_64","university","train","car","walk","studyandwork"
"70","29","1","age35_64","university","walk","walk","train","workonly"
"71","30","0","age15_24","shighsch","bus","train","walk","studyandwork"
"72","30","1","age15_24","shighsch","walk","walk","car","studyandwork"
"73","31","0","age35_64","shighsch","walk","walk","car","studyandwork"
"74","31","1","age65_79","jhighsch","car","walk","car","noactivity"
"75","32","0","age25_34","primarysch","walk","train","walk","workonly"
"76","32","1","age5_14","primarysch","bus","train","train","studyonly"
"77","33","0","age35_64","university","walk","car","walk","workonly"
"78","33","1","age25_34","jhighsch","car","car","train","workonly"
"79","34","0","age25_34","jhighsch","bus","walk","car","workonly"
"80","34","1","age35_64","jhighsch","car","car","walk","workonly"
"81","35","0","age25_34","university","bus","car","car","workonly"
"82","35","1","age35_64","university","walk","car","train","studyandwork"
"83","36","0","age15_24","shighsch","walk","train","car","workonly"
"84","36","1","age25_34","university","car","train","bus","workonly"
"85","37","0","age15_24","primarysch","bus","walk","bus","studyandwork"
"86","37","1","age15_24","jhighsch","bus","bus","train","studyandwork"
"87","38","0","age25_34","university","bus","car","bus","studyandwork"
"88","38","1","age15_24","primarysch","walk","walk","walk","studyandwork"
"89","39","0","age35_64","jhighsch","car","walk","walk","studyandwork"
"90","39","1","age35_64","university","train","car","walk","workonly"
"91","40","0","age35_64","jhighsch","walk","train","car","workonly"
"92","40","1","age25_34","university","car","car","walk","workonly"
"93","41","0","age25_34","shighsch","train","car","walk","workonly"
"94","41","1","age35_64","shighsch","walk","car","walk","workonly"
"95","42","0","age25_34","university","walk","walk","train","workonly"
"96","42","1","age35_64","university","walk","walk","car","workonly"
"97","43","0","age15_24","shighsch","car","bus","bus","studyandwork"
"98","43","1","age15_24","shighsch","car","car","walk","studyandwork"
"99","44","0","age35_64","primarysch","walk","train","walk","studyandwork"
"100","44","1","age5_14","primarysch","bus","train","bus","studyonly"
"101","45","0","age25_34","shighsch","walk","train","walk","workonly"
"102","45","1","age5_14","primarysch","train","train","walk","studyonly"
"103","46","0","age0_4","kindergarten","walk","walk","walk","noactivity"
"104","46","1","age5_14","primarysch","bus","walk","walk","studyonly"
"105","47","0","age15_24","jhighsch","car","car","bus","workonly"
"106","47","1","age25_34","shighsch","car","car","train","workonly"
"107","48","0","age35_64","primarysch","bus","car","bus","workonly"
"108","48","1","age25_34","jhighsch","car","train","bus","workonly"
"109","49","0","age15_24","primarysch","train","train","car","workonly"
"110","49","1","age25_34","university","walk","car","train","workonly"
"111","50","0","age25_34","shighsch","train","walk","walk","workonly"
"112","50","1","age35_64","jhighsch","car","train","walk","workonly"
"113","51","0","age0_4","kindergarten","walk","walk","walk","noactivity"
"114","51","1","age35_64","university","train","car","train","studyandwork"
"115","52","0","age35_64","primarysch","walk","walk","car","workonly"
"116","52","1","age35_64","university","walk","walk","walk","workonly"
"117","53","0","age25_34","university","car","car","car","workonly"
"118","53","1","age25_34","jhighsch","car","car","walk","workonly"
"119","54","0","age35_64","primarysch","train","walk","walk","workonly"
"120","54","1","age5_14","primarysch","car","bus","train","studyonly"
"121","55","0","age35_64","jhighsch","walk","bus","bus","studyandwork"
"122","55","1","age35_64","primarysch","walk","car","bus","workonly"
"123","56","0","age15_24","primarysch","walk","walk","bus","workonly"
"124","56","1","age15_24","jhighsch","walk","walk","train","workonly"
"125","57","0","age25_34","shighsch","walk","walk","train","studyandwork"
"126","57","1","age35_64","shighsch","car","car","bus","workonly"
"127","58","0","age5_14","primarysch","walk","walk","bus","studyonly"
"128","58","1","age15_24","shighsch","car","car","bus","studyandwork"
"129","59","0","age15_24","shighsch","bus","car","car","studyandwork"
"130","59","1","age35_64","university","train","bus","bus","workonly"
"131","60","0","age25_34","primarysch","walk","walk","walk","workonly"
"132","60","1","age25_34","jhighsch","train","bus","train","studyandwork"
"133","61","0","age15_24","primarysch","train","bus","bus","studyandwork"
"134","61","1","age15_24","primarysch","car","train","walk","workonly"
"135","62","0","age35_64","university","car","walk","car","workonly"
"136","62","1","age15_24","primarysch","walk","walk","walk","workonly"
"137","63","0","age35_64","university","bus","car","car","workonly"
"138","63","1","age5_14","primarysch","walk","train","bus","studyonly"
"139","64","0","age5_14","primarysch","train","bus","walk","studyonly"
"140","64","1","age35_64","shighsch","walk","car","car","workonly"
"141","65","0","age15_24","primarysch","walk","walk","walk","studyandwork"
"142","65","1","age25_34","university","train","car","car","workonly"
"143","66","0","age5_14","primarysch","walk","walk","train","studyonly"
"144","66","1","age35_64","jhighsch","walk","train","train","workonly"
"145","67","0","age15_24","jhighsch","car","bus","walk","workonly"
"146","67","1","age0_4","kindergarten","walk","train","bus","noactivity"
"147","68","0","age15_24","jhighsch","car","walk","train","workonly"
"148","68","1","age25_34","jhighsch","bus","car","train","studyandwork"
"149","69","0","age5_14","primarysch","train","walk","bus","studyonly"
"150","69","1","age35_64","jhighsch","car","train","car","workonly"
"151","70","0","age35_64","jhighsch","walk","train","walk","workonly"
"152","70","1","age35_64","university","bus","bus","car","workonly"
"153","71","0","age25_34","shighsch","bus","car","train","studyandwork"
"154","71","1","age5_14","primarysch","train","walk","bus","studyonly"
"155","71","2","age5_14","primarysch","car","train","walk","studyonly"
"156","71","3","age35_64","shighsch","walk","car","car","studyandwork"
"157","71","4","age25_34","jhighsch","walk","train","walk","studyandwork"
"158","72","0","age25_34","university","bus","train","walk","workonly"
"159","72","1","age15_24","shighsch","bus","bus","train","studyandwork"
"160","72","2","age25_34","shighsch","walk","train","walk","workonly"
"161","72","3","age25_34","shighsch","train","car","car","studyandwork"
"162","72","4","age25_34","university","car","car","car","workonly"
"163","73","0","age25_34","jhighsch","walk","bus","walk","studyandwork"
"164","73","1","age25_34","university","car","bus","car","studyandwork"
"165","73","2","age35_64","university","bus","car","walk","workonly"
"166","73","3","age35_64","primarysch","bus","walk","bus","workonly"
"167","73","4","age15_24","jhighsch","walk","bus","train","workonly"
"168","74","0","age15_24","university","car","walk","walk","studyandwork"
"169","74","1","age35_64","jhighsch","walk","walk","walk","workonly"
"170","75","0","age25_34","shighsch","walk","bus","train","studyandwork"
"171","75","1","age35_64","primarysch","bus","train","train","workonly"
"172","75","2","age35_64","primarysch","walk","walk","train","workonly"
"173","75","3","age35_64","jhighsch","car","walk","walk","workonly"
"174","75","4","age35_64","university","walk","car","walk","studyandwork"
"175","76","0","age35_64","primarysch","walk","walk","train","studyandwork"
"176","76","1","age25_34","shighsch","bus","bus","bus","workonly"
"177","76","2","age35_64","university","car","car","car","workonly"
"178","76","3","age35_64","jhighsch","car","bus","train","workonly"
"179","76","4","age35_64","jhighsch","walk","bus","walk","workonly"
"180","77","0","age25_34","primarysch","walk","walk","walk","studyandwork"
"181","77","1","age15_24","jhighsch","car","train","train","workonly"
"182","77","2","age35_64","university","walk","walk","walk","workonly"
"183","77","3","age65_79","primarysch","train","bus","bus","noactivity"
"184","77","4","age25_34","primarysch","train","walk","walk","workonly"
"185","78","0","age35_64","jhighsch","walk","bus","walk","workonly"
"186","78","1","age25_34","university","walk","bus","walk","studyandwork"
"187","79","0","age35_64","jhighsch","walk","bus","train","workonly"
"188","79","1","age15_24","jhighsch","car","bus","walk","workonly"
"189","80","0","age0_4","kindergarten","walk","car","bus","noactivity"
"190","80","1","age35_64","university","train","car","walk","workonly"
"191","81","0","age35_64","university","car","car","train","workonly"
"192","81","1","age15_24","university","car","walk","walk","studyandwork"
"193","82","0","age25_34","jhighsch","train","walk","car","workonly"
"194","82","1","age35_64","shighsch","walk","car","train","workonly"
"195","83","0","age35_64","jhighsch","walk","walk","car","workonly"
"196","83","1","age25_34","shighsch","bus","car","train","workonly"
"197","84","0","age35_64","university","car","train","walk","studyandwork"
"198","84","1","age35_64","jhighsch","walk","car","walk","workonly"
"199","85","0","age15_24","jhighsch","car","walk","train","studyandwork"
"200","85","1","age15_24","university","train","car","car","studyandwork"
"201","86","0","age15_24","jhighsch","bus","train","bus","studyandwork"
"202","86","1","age5_14","primarysch","bus","car","walk","studyonly"
"203","87","0","age35_64","shighsch","car","bus","train","workonly"
"204","87","1","age15_24","university","bus","walk","car","studyandwork"
"205","88","0","age25_34","university","walk","car","train","workonly"
"206","88","1","age65_79","primarysch","walk","bus","walk","noactivity"
"207","89","0","age15_24","shighsch","car","walk","train","workonly"
"208","89","1","age35_64","primarysch","walk","train","train","workonly"
"209","90","0","age35_64","shighsch","bus","train","car","workonly"
"210","90","1","age0_4","kindergarten","car","bus","walk","noactivity"
"211","91","0","age35_64","jhighsch","walk","walk","train","workonly"
"212","91","1","age15_24","jhighsch","walk","train","walk","studyandwork"
"213","92","0","age25_34","shighsch","walk","bus","train","workonly"
"214","92","1","age15_24","jhighsch","car","train","train","workonly"
"215","93","0","age15_24","jhighsch","car","walk","bus","workonly"
"216","93","1","age35_64","shighsch","car","walk","bus","workonly"
"217","94","0","age25_34","primarysch","car","walk","car","studyandwork"
"218","94","1","age25_34","primarysch","walk","train","bus","studyandwork"
"219","95","0","age35_64","university","bus","walk","walk","workonly"
"220","95","1","age25_34","primarysch","walk","train","walk","workonly"
"221","96","0","age35_64","primarysch","train","walk","walk","workonly"
"222","96","1","age15_24","university","walk","car","car","studyandwork"
"223","97","0","age5_14","primarysch","bus","walk","train","studyonly"
"224","97","1","age25_34","university","walk","train","car","studyandwork"
"225","98","0","age15_24","primarysch","bus","walk","walk","studyandwork"
"226","98","1","age35_64","shighsch","car","bus","train","workonly"
"227","99","0","age0_4","kindergarten","walk","walk","walk","noactivity"
"228","99","1","age5_14","primarysch","walk","walk","walk","studyonly"
"229","100","0","age15_24","jhighsch","walk","train","walk","workonly"
"230","100","1","age35_64","primarysch","bus","walk","walk","studyandwork"
"231","101","0","age25_34","jhighsch","bus","walk","walk","studyandwork"
"232","101","1","age15_24","jhighsch","walk","train","walk","workonly"
"233","102","0","age25_34","jhighsch","train","car","walk","workonly"
"234","102","1","age35_64","university","walk","bus","car","workonly"
"235","103","0","age25_34","jhighsch","car","train","walk","studyandwork"
"236","103","1","age15_24","jhighsch","train","walk","car","workonly"
"237","104","0","age15_24","university","car","train","car","studyandwork"
"238","104","1","age25_34","shighsch","bus","bus","car","workonly"
"239","105","0","age0_4","kindergarten","walk","walk","walk","noactivity"
"240","105","1","age25_34","jhighsch","train","train","bus","studyandwork"
"241","106","0","age5_14","primarysch","bus","car","car","studyonly"
"242","106","1","age5_14","primarysch","walk","walk","train","studyonly"
"243","106","2","age15_24","jhighsch","bus","bus","train","studyandwork"
"244","107","0","age35_64","jhighsch","train","train","car","studyandwork"
"245","107","1","age35_64","jhighsch","walk","walk","car","studyandwork"
"246","108","0","age25_34","primarysch","walk","walk","walk","workonly"
"247","108","1","age35_64","primarysch","bus","walk","walk","workonly"
"248","109","0","age25_34","primarysch","walk","car","walk","studyandwork"
"249","109","1","age15_24","primarysch","bus","bus","walk","workonly"
"250","110","0","age5_14","primarysch","bus","bus","train","studyonly"
"251","110","1","age25_34","university","bus","train","train","workonly"
"252","111","0","age25_34","jhighsch","walk","train","train","workonly"
"253","111","1","age35_64","shighsch","car","train","car","workonly"
"254","112","0","age35_64","university","car","car","train","workonly"
"255","112","1","age35_64","primarysch","train","walk","walk","workonly"
"256","113","0","age15_24","university","walk","car","walk","workonly"
"257","113","1","age5_14","primarysch","car","walk","walk","studyonly"
"258","114","0","age25_34","jhighsch","train","walk","train","studyandwork"
"259","114","1","age5_14","primarysch","bus","bus","bus","studyonly"
"260","115","0","age35_64","jhighsch","walk","bus","car","studyandwork"
"261","115","1","age15_24","primarysch","train","bus","walk","workonly"
"262","116","0","age25_34","primarysch","walk","train","car","workonly"
"263","116","1","age15_24","jhighsch","walk","bus","bus","workonly"
"264","117","0","age35_64","shighsch","car","train","walk","workonly"
"265","117","1","age35_64","jhighsch","walk","walk","walk","studyandwork"
"266","118","0","age15_24","shighsch","walk","train","bus","workonly"
"267","118","1","age15_24","shighsch","walk","walk","car","studyandwork"
"268","118","2","age35_64","university","car","bus","car","studyandwork"
"269","119","0","age35_64","jhighsch","bus","walk","walk","workonly"
"270","119","1","age15_24","jhighsch","walk","walk","bus","workonly"
"271","119","2","age15_24","jhighsch","car","car","car","workonly"
"272","120","0","age25_34","jhighsch","train","bus","car","workonly"
"273","120","1","age25_34","primarysch","walk","bus","walk","studyandwork"
"274","120","2","age35_64","university","car","car","walk","studyandwork"
"275","121","0","age5_14","primarysch","bus","walk","walk","studyonly"
"276","121","1","age25_34","primarysch","bus","train","bus","workonly"
"277","121","2","age25_34","jhighsch","car","walk","train","workonly"
"278","122","0","age35_64","primarysch","train","bus","walk","workonly"
"279","122","1","age15_24","shighsch","walk","walk","walk","studyandwork"
"280","123","0","age35_64","jhighsch","walk","train","walk","workonly"
"281","123","1","age35_64","jhighsch","train","car","car","studyandwork"
"282","123","2","age15_24","primarysch","car","walk","bus","workonly"
"283","124","0","age15_24","university","car","car","car","workonly"
"284","124","1","age35_64","university","walk","train","bus","workonly"
"285","124","2","age35_64","jhighsch","train","walk","walk","workonly"
"286","125","0","age35_64","primarysch","train","bus","train","studyandwork"
"287","125","1","age35_64","shighsch","walk","bus","bus","workonly"
"288","125","2","age25_34","university","train","bus","car","workonly"
"289","126","0","age15_24","shighsch","walk","walk","train","workonly"
"290","126","1","age15_24","jhighsch","car","walk","walk","studyandwork"
"291","126","2","age15_24","jhighsch","car","train","bus","studyandwork"
"292","126","3","age15_24","jhighsch","car","walk","train","studyandwork"
"293","127","0","age15_24","primarysch","walk","train","walk","workonly"
"294","127","1","age35_64","shighsch","bus","walk","bus","workonly"
"295","127","2","age25_34","university","car","walk","walk","workonly"
"296","127","3","age5_14","primarysch","train","bus","train","studyonly"
"297","128","0","age35_64","primarysch","bus","walk","walk","workonly"
"298","128","1","age25_34","university","train","car","car","workonly"
"299","128","2","age5_14","primarysch","walk","walk","walk","studyonly"
"300","128","3","age35_64","jhighsch","walk","walk","car","workonly"
"301","129","0","age25_34","primarysch","walk","walk","walk","workonly"
"302","129","1","age15_24","university","train","train","car","workonly"
"303","129","2","age5_14","primarysch","train","walk","walk","studyonly"
"304","129","3","age35_64","shighsch","car","car","walk","workonly"
"305","130","0","age15_24","university","bus","car","car","studyandwork"
"306","130","1","age35_64","university","walk","car","bus","workonly"
"307","130","2","age25_34","university","car","train","walk","workonly"
"308","130","3","age25_34","jhighsch","bus","car","bus","workonly"
"309","131","0","age5_14","primarysch","bus","walk","car","studyonly"
"310","131","1","age5_14","primarysch","bus","bus","walk","studyonly"
"311","131","2","age35_64","jhighsch","train","train","train","workonly"
"312","131","3","age35_64","primarysch","walk","train","walk","studyandwork"
"313","132","0","age15_24","jhighsch","train","bus","walk","workonly"
"314","132","1","age25_34","jhighsch","walk","bus","car","studyandwork"
"315","133","0","age35_64","jhighsch","walk","train","walk","workonly"
"316","133","1","age35_64","shighsch","train","walk","car","workonly"
"317","134","0","age35_64","university","walk","walk","train","studyandwork"
"318","134","1","age15_24","primarysch","walk","train","bus","studyandwork"
"319","135","0","age35_64","shighsch","walk","walk","walk","workonly"
"320","135","1","age35_64","university","train","walk","walk","workonly"
"321","136","0","age35_64","shighsch","bus","car","car","workonly"
"322","136","1","age35_64","shighsch","bus","walk","bus","studyandwork"
"323","137","0","age35_64","university","walk","car","car","workonly"
"324","137","1","age25_34","university","car","train","car","workonly"
"325","138","0","age35_64","university","walk","train","walk","workonly"
"326","138","1","age35_64","primarysch","bus","bus","walk","studyandwork"
"327","139","0","age15_24","jhighsch","bus","bus","walk","studyandwork"
"328","139","1","age15_24","primarysch","walk","walk","train","studyandwork"
"329","140","0","age15_24","shighsch","car","bus","car","workonly"
"330","140","1","age35_64","shighsch","walk","train","bus","workonly"
"331","141","0","age25_34","shighsch","walk","bus","car","workonly"
"332","141","1","age35_64","jhighsch","car","train","walk","workonly"
"333","142","0","age15_24","primarysch","walk","train","walk","studyandwork"
"334","142","1","age25_34","university","car","walk","train","workonly"
"335","143","0","age35_64","jhighsch","bus","walk","train","workonly"
"336","143","1","age15_24","university","walk","car","car","workonly"
"337","144","0","age65_79","shighsch","car","walk","walk","noactivity"
"338","144","1","age5_14","primarysch","car","walk","walk","studyonly"
"339","145","0","age15_24","jhighsch","train","walk","walk","workonly"
"340","145","1","age15_24","primarysch","train","walk","bus","studyandwork"
"341","146","0","age35_64","shighsch","walk","bus","bus","studyandwork"
"342","146","1","age5_14","primarysch","walk","bus","walk","studyonly"
"343","147","0","age15_24","primarysch","bus","walk","walk","workonly"
"344","147","1","age0_4","kindergarten","bus","walk","walk","noactivity"
"345","148","0","age35_64","shighsch","walk","bus","car","workonly"
"346","148","1","age5_14","primarysch","walk","train","walk","studyonly"
"347","149","0","age35_64","jhighsch","car","train","train","workonly"
"348","149","1","age5_14","primarysch","walk","walk","bus","studyonly"
"349","150","0","age25_34","university","car","car","car","studyandwork"
"350","150","1","age25_34","primarysch","walk","train","walk","studyandwork"
"351","151","0","age25_34","university","walk","walk","car","workonly"
"352","151","1","age25_34","primarysch","train","bus","train","studyandwork"
"353","152","0","age15_24","shighsch","car","walk","train","studyandwork"
"354","152","1","age35_64","university","car","train","car","studyandwork"
"355","153","0","age15_24","primarysch","train","car","walk","workonly"
"356","153","1","age35_64","primarysch","train","car","walk","workonly"
"357","154","0","age35_64","university","car","walk","train","workonly"
"358","154","1","age15_24","jhighsch","train","walk","walk","studyandwork"
"359","155","0","age25_34","university","car","bus","car","workonly"
"360","155","1","age35_64","university","train","car","walk","workonly"
"361","156","0","age15_24","university","walk","car","walk","studyandwork"
"362","156","1","age5_14","primarysch","car","walk","bus","studyonly"
"363","157","0","age25_34","university","car","walk","car","workonly"
"364","157","1","age35_64","primarysch","car","walk","car","workonly"
"365","158","0","age35_64","shighsch","bus","car","train","workonly"
"366","158","1","age65_79","shighsch","walk","train","walk","noactivity"
"367","158","2","age15_24","primarysch","bus","walk","walk","studyandwork"
"368","159","0","age15_24","shighsch","train","car","bus","studyandwork"
"369","159","1","age25_34","jhighsch","walk","walk","train","workonly"
"370","160","0","age15_24","jhighsch","walk","train","bus","studyandwork"
"371","160","1","age25_34","university","walk","train","train","studyandwork"
"372","161","0","age35_64","primarysch","walk","train","car","studyandwork"
"373","161","1","age25_34","jhighsch","walk","train","bus","workonly"
"374","162","0","age15_24","primarysch","walk","train","train","workonly"
"375","162","1","age0_4","kindergarten","walk","train","car","noactivity"
"376","163","0","age15_24","shighsch","car","car","train","workonly"
"377","163","1","age35_64","primarysch","walk","train","walk","workonly"
"378","164","0","age15_24","university","bus","train","walk","workonly"
"379","164","1","age35_64","university","walk","car","train","workonly"
"380","165","0","age0_4","kindergarten","walk","walk","walk","noactivity"
"381","165","1","age15_24","primarysch","train","walk","walk","workonly"
"382","166","0","age25_34","primarysch","bus","walk","walk","workonly"
"383","166","1","age15_24","shighsch","train","train","walk","workonly"
"384","166","2","age35_64","primarysch","walk","bus","walk","studyandwork"
"385","166","3","age35_64","primarysch","walk","bus","train","workonly"
"386","167","0","age25_34","shighsch","car","car","car","workonly"
"387","167","1","age5_14","primarysch","walk","car","bus","studyonly"
"388","167","2","age25_34","university","walk","train","walk","studyandwork"
"389","167","3","age25_34","university","car","car","train","workonly"
"390","168","0","age35_64","shighsch","car","bus","walk","studyandwork"
"391","168","1","age25_34","primarysch","walk","walk","walk","workonly"
"392","168","2","age25_34","university","bus","car","walk","studyandwork"
"393","168","3","age35_64","university","car","walk","car","workonly"
"394","169","0","age15_24","shighsch","car","bus","train","workonly"
"395","169","1","age35_64","jhighsch","walk","car","walk","workonly"
"396","169","2","age35_64","shighsch","car","walk","walk","studyandwork"
"397","169","3","age25_34","shighsch","car","walk","train","studyandwork"
"398","170","0","age35_64","university","train","walk","train","workonly"
"399","170","1","age25_34","primarysch","walk","walk","walk","studyandwork"
"400","170","2","age25_34","jhighsch","train","bus","bus","studyandwork"
"401","170","3","age25_34","university","walk","walk","walk","studyandwork"
"402","171","0","age25_34","primarysch","train","walk","car","studyandwork"
"403","171","1","age35_64","primarysch","walk","bus","train","workonly"
"404","171","2","age25_34","primarysch","bus","train","bus","workonly"
"405","171","3","age25_34","primarysch","bus","train","walk","studyandwork"
"406","172","0","age25_34","primarysch","bus","train","train","workonly"
"407","172","1","age35_64","university","walk","walk","train","workonly"
"408","172","2","age5_14","primarysch","car","walk","car","studyonly"
"409","172","3","age35_64","shighsch","walk","car","car","workonly"
"410","173","0","age25_34","jhighsch","walk","walk","bus","workonly"
"411","173","1","age35_64","shighsch","bus","walk","train","studyandwork"
"412","173","2","age25_34","university","walk","train","car","workonly"
"413","173","3","age0_4","kindergarten","walk","walk","walk","noactivity"
"414","174","0","age35_64","primarysch","train","train","bus","workonly"
"415","174","1","age35_64","jhighsch","walk","bus","bus","studyandwork"
"416","174","2","age35_64","primarysch","bus","bus","bus","workonly"
"417","174","3","age25_34","jhighsch","walk","walk","train","workonly"
"418","175","0","age25_34","university","car","car","car","workonly"
"419","175","1","age25_34","university","train","car","train","workonly"
"420","175","2","age35_64","university","train","walk","walk","workonly"
"421","175","3","age0_4","kindergarten","walk","walk","walk","noactivity"
"422","176","0","age0_4","kindergarten","walk","walk","walk","noactivity"
"423","176","1","age35_64","jhighsch","bus","train","car","studyandwork"
"424","176","2","age35_64","university","walk","car","bus","workonly"
"425","176","3","age35_64","shighsch","bus","train","bus","workonly"
"426","177","0","age25_34","university","walk","car","walk","workonly"
"427","177","1","age5_14","primarysch","walk","walk","walk","studyonly"
"428","177","2","age35_64","jhighsch","train","walk","walk","studyandwork"
"429","177","3","age35_64","jhighsch","walk","bus","car","studyandwork"
"430","178","0","age25_34","university","train","car","train","studyandwork"
"431","178","1","age25_34","university","walk","walk","walk","studyandwork"
"432","178","2","age25_34","jhighsch","walk","bus","walk","workonly"
"433","178","3","age5_14","primarysch","bus","walk","bus","studyonly"
"434","179","0","age15_24","university","bus","train","bus","studyandwork"
"435","179","1","age35_64","jhighsch","bus","bus","car","workonly"
"436","179","2","age35_64","shighsch","walk","car","car","workonly"
"437","179","3","age0_4","kindergarten","walk","bus","car","noactivity"
"438","180","0","age5_14","primarysch","bus","bus","walk","studyonly"
"439","180","1","age15_24","shighsch","bus","car","bus","workonly"
"440","180","2","age15_24","jhighsch","walk","walk","car","workonly"
"441","180","3","age25_34","university","car","train","walk","workonly"
"442","181","0","age0_4","kindergarten","walk","walk","train","noactivity"
"443","181","1","age15_24","primarysch","walk","walk","walk","workonly"
"444","181","2","age35_64","shighsch","bus","car","bus","workonly"
"445","181","3","age35_64","jhighsch","bus","bus","train","studyandwork"
"446","182","0","age15_24","primarysch","bus","walk","bus","workonly"
"447","182","1","age15_24","jhighsch","walk","train","walk","workonly"
"448","182","2","age35_64","shighsch","car","walk","train","workonly"
"449","182","3","age35_64","university","car","car","walk","studyandwork"
"450","183","0","age25_34","university","train","walk","walk","studyandwork"
"451","183","1","age25_34","shighsch","train","train","train","studyandwork"
"452","183","2","age65_79","shighsch","train","bus","car","noactivity"
"453","183","3","age35_64","jhighsch","car","walk","walk","workonly"
"454","184","0","age35_64","jhighsch","train","walk","car","workonly"
"455","184","1","age15_24","jhighsch","bus","bus","train","studyandwork"
"456","184","2","age25_34","jhighsch","car","walk","bus","workonly"
"457","184","3","age5_14","primarysch","bus","bus","walk","studyonly"
"458","185","0","age35_64","shighsch","car","car","bus","workonly"
"459","185","1","age15_24","primarysch","walk","train","train","studyandwork"
"460","185","2","age65_79","jhighsch","walk","walk","bus","noactivity"
"461","185","3","age15_24","primarysch","walk","walk","train","workonly"
"462","186","0","age35_64","shighsch","car","car","walk","workonly"
"463","186","1","age35_64","jhighsch","walk","train","walk","studyandwork"
"464","186","2","age35_64","primarysch","bus","car","walk","studyandwork"
"465","186","3","age35_64","jhighsch","car","bus","walk","workonly"
"466","187","0","age15_24","shighsch","train","bus","train","studyandwork"
"467","187","1","age25_34","shighsch","walk","bus","train","studyandwork"
"468","187","2","age25_34","university","bus","train","car","workonly"
"469","187","3","age15_24","primarysch","walk","walk","train","studyandwork"
"470","188","0","age35_64","primarysch","walk","walk","walk","workonly"
"471","188","1","age35_64","primarysch","bus","car","train","workonly"
"472","188","2","age35_64","jhighsch","car","train","bus","studyandwork"
"473","188","3","age35_64","university","train","train","car","workonly"
"474","189","0","age15_24","shighsch","walk","train","walk","workonly"
"475","189","1","age35_64","primarysch","train","walk","car","workonly"
"476","189","2","age35_64","jhighsch","walk","walk","car","workonly"
"477","189","3","age35_64","jhighsch","walk","train","walk","workonly"
"478","190","0","age5_14","primarysch","train","walk","walk","studyonly"
"479","190","1","age80_85","jhighsch","bus","bus","car","noactivity"
"480","190","2","age35_64","shighsch","walk","walk","bus","workonly"
"481","190","3","age5_14","primarysch","train","walk","car","studyonly"
"482","191","0","age0_4","kindergarten","walk","train","walk","noactivity"
"483","191","1","age35_64","jhighsch","walk","car","car","workonly"
"484","191","2","age15_24","jhighsch","walk","car","bus","workonly"
"485","191","3","age15_24","primarysch","walk","walk","walk","studyandwork"
"486","191","4","age15_24","shighsch","car","walk","car","workonly"
"487","192","0","age25_34","shighsch","car","bus","car","workonly"
"488","192","1","age15_24","shighsch","train","walk","train","workonly"
"489","192","2","age35_64","university","walk","car","train","workonly"
"490","192","3","age25_34","shighsch","train","bus","bus","workonly"
"491","192","4","age15_24","jhighsch","bus","car","bus","workonly"
"492","193","0","age15_24","university","bus","car","car","workonly"
"493","193","1","age0_4","kindergarten","walk","walk","car","noactivity"
"494","193","2","age25_34","shighsch","train","walk","bus","studyandwork"
"495","193","3","age25_34","shighsch","car","bus","train","workonly"
"496","193","4","age15_24","jhighsch","bus","train","bus","studyandwork"
"497","194","0","age35_64","university","walk","walk","car","workonly"
"498","194","1","age35_64","shighsch","car","bus","bus","workonly"
"499","194","2","age25_34","primarysch","walk","bus","walk","workonly"
"500","194","3","age35_64","jhighsch","walk","bus","train","workonly"
"501","194","4","age65_79","jhighsch","walk","train","bus","noactivity"
"502","195","0","age35_64","primarysch","walk","train","walk","workonly"
"503","195","1","age25_34","primarysch","walk","walk","train","studyandwork"
"504","195","2","age35_64","jhighsch","walk","train","car","workonly"
"505","195","3","age5_14","primarysch","bus","bus","train","studyonly"
"506","195","4","age35_64","shighsch","bus","train","train","workonly"
"507","196","0","age35_64","university","car","bus","car","workonly"
"508","196","1","age5_14","primarysch","bus","walk","train","studyonly"
"509","196","2","age15_24","primarysch","walk","bus","train","workonly"
"510","196","3","age15_24","primarysch","walk","train","walk","workonly"
"511","196","4","age35_64","shighsch","walk","car","train","studyandwork"
"512","197","0","age35_64","primarysch","train","walk","walk","workonly"
"513","197","1","age35_64","university","walk","car","car","workonly"
"514","197","2","age35_64","university","walk","car","walk","workonly"
"515","197","3","age15_24","jhighsch","train","train","walk","studyandwork"
"516","197","4","age15_24","shighsch","walk","bus","bus","studyandwork"
"517","198","0","age15_24","jhighsch","bus","walk","bus","workonly"
"518","198","1","age15_24","university","train","train","car","workonly"
"519","198","2","age25_34","shighsch","walk","walk","car","studyandwork"
"520","198","3","age35_64","shighsch","train","bus","bus","workonly"
"521","198","4","age15_24","shighsch","train","walk","train","workonly"
"522","199","0","age35_64","primarysch","train","walk","walk","studyandwork"
"523","199","1","age35_64","university","car","walk","car","studyandwork"
"524","199","2","age35_64","university","bus","walk","walk","workonly"
"525","199","3","age35_64","university","walk","car","car","studyandwork"
"526","199","4","age25_34","university","train","train","train","workonly"
"527","200","0","age15_24","shighsch","walk","walk","bus","studyandwork"
"528","200","1","age15_24","primarysch","bus","walk","car","workonly"
"529","200","2","age5_14","primarysch","car","walk","walk","studyonly"
"530","200","3","age25_34","jhighsch","walk","train","walk","workonly"
"531","200","4","age0_4","kindergarten","walk","train","walk","noactivity"
"532","201","0","age25_34","university","walk","car","bus","workonly"
"533","201","1","age35_64","university","walk","car","walk","workonly"
"534","201","2","age15_24","primarysch","walk","bus","train","studyandwork"
"535","201","3","age35_64","university","car","walk","train","studyandwork"
"536","201","4","age25_34","jhighsch","car","walk","walk","workonly"
"537","202","0","age5_14","primarysch","train","train","walk","studyonly"
"538","202","1","age35_64","jhighsch","bus","train","bus","workonly"
"539","202","2","age5_14","primarysch","bus","train","bus","studyonly"
"540","202","3","age5_14","primarysch","walk","bus","walk","studyonly"
"541","202","4","age25_34","university","walk","train","car","workonly"
"542","203","0","age35_64","shighsch","bus","bus","car","workonly"
"543","203","1","age35_64","primarysch","walk","car","walk","studyandwork"
"544","203","2","age35_64","jhighsch","walk","walk","walk","studyandwork"
"545","203","3","age0_4","kindergarten","walk","walk","car","noactivity"
"546","203","4","age25_34","primarysch","train","bus","walk","workonly"
"547","204","0","age25_34","jhighsch","walk","car","walk","studyandwork"
"548","204","1","age35_64","jhighsch","walk","walk","bus","workonly"
"549","205","0","age15_24","university","walk","car","car","workonly"
"550","205","1","age35_64","primarysch","bus","bus","walk","workonly"
"551","206","0","age35_64","university","car","train","car","workonly"
"552","206","1","age5_14","primarysch","walk","bus","train","studyonly"
"553","207","0","age35_64","primarysch","walk","bus","walk","workonly"
"554","207","1","age15_24","shighsch","train","train","train","workonly"
"555","208","0","age35_64","university","walk","car","car","studyandwork"
"556","208","1","age15_24","jhighsch","walk","walk","walk","studyandwork"
"557","209","0","age35_64","primarysch","walk","walk","walk","workonly"
"558","209","1","age15_24","primarysch","walk","train","train","workonly"
"559","210","0","age25_34","university","car","walk","train","workonly"
"560","210","1","age15_24","university","car","train","train","workonly"
"561","211","0","age25_34","shighsch","bus","walk","car","workonly"
"562","211","1","age15_24","primarysch","train","train","walk","workonly"
"563","212","0","age25_34","primarysch","walk","walk","walk","studyandwork"
"564","212","1","age15_24","jhighsch","walk","bus","bus","workonly"
"565","213","0","age35_64","shighsch","walk","walk","train","workonly"
"566","213","1","age15_24","jhighsch","bus","walk","bus","workonly"
"567","214","0","age15_24","jhighsch","train","bus","walk","studyandwork"
"568","214","1","age0_4","kindergarten","walk","walk","walk","noactivity"
"569","215","0","age15_24","primarysch","bus","walk","bus","studyandwork"
"570","215","1","age35_64","university","car","train","bus","workonly"
"571","215","2","age25_34","primarysch","car","train","walk","studyandwork"
"572","216","0","age0_4","kindergarten","walk","bus","walk","noactivity"
"573","216","1","age35_64","primarysch","car","car","walk","studyandwork"
"574","216","2","age35_64","university","car","car","train","workonly"
"575","217","0","age0_4","kindergarten","walk","walk","walk","noactivity"
"576","217","1","age25_34","university","car","train","train","studyandwork"
"577","217","2","age35_64","university","walk","train","walk","workonly"
"578","218","0","age65_79","primarysch","walk","walk","train","noactivity"
"579","218","1","age25_34","jhighsch","walk","walk","car","studyandwork"
"580","218","2","age5_14","primarysch","walk","car","bus","studyonly"
"581","219","0","age25_34","primarysch","walk","train","walk","workonly"
"582","219","1","age35_64","university","car","walk","walk","workonly"
"583","219","2","age0_4","kindergarten","bus","walk","train","noactivity"
"584","220","0","age5_14","primarysch","bus","train","train","studyonly"
"585","220","1","age35_64","primarysch","walk","walk","bus","workonly"
"586","220","2","age35_64","jhighsch","train","car","walk","workonly"
"587","221","0","age15_24","shighsch","walk","bus","car","studyandwork"
"588","221","1","age25_34","university","car","train","bus","workonly"
"589","222","0","age15_24","university","car","car","car","workonly"
"590","222","1","age35_64","jhighsch","walk","walk","train","workonly"
"591","223","0","age15_24","shighsch","car","car","walk","studyandwork"
"592","223","1","age5_14","primarysch","train","walk","bus","studyonly"
"593","223","2","age0_4","kindergarten","walk","walk","walk","noactivity"
"594","223","3","age25_34","primarysch","walk","bus","walk","studyandwork"
"595","223","4","age15_24","university","walk","walk","walk","studyandwork"
"596","224","0","age35_64","shighsch","car","walk","car","workonly"
"597","224","1","age35_64","university","car","car","bus","workonly"
"598","225","0","age15_24","jhighsch","walk","walk","train","workonly"
"599","225","1","age35_64","university","car","train","walk","workonly"
"600","226","0","age0_4","kindergarten","walk","walk","walk","noactivity"
"601","226","1","age0_4","kindergarten","walk","walk","walk","noactivity"
"602","227","0","age15_24","jhighsch","car","walk","bus","workonly"
"603","227","1","age25_34","jhighsch","train","walk","car","workonly"
"604","228","0","age5_14","primarysch","train","walk","walk","studyonly"
"605","228","1","age5_14","primarysch","bus","bus","walk","studyonly"
"606","229","0","age35_64","shighsch","walk","car","car","workonly"
"607","229","1","age0_4","kindergarten","walk","walk","walk","noactivity"
"608","230","0","age15_24","university","train","walk","car","studyandwork"
"609","230","1","age35_64","shighsch","walk","bus","walk","workonly"
"610","231","0","age35_64","jhighsch","train","walk","car","workonly"
"611","231","1","age35_64","shighsch","train","walk","bus","studyandwork"
"612","232","0","age15_24","jhighsch","bus","walk","train","workonly"
"613","232","1","age15_24","primarysch","walk","car","walk","workonly"
"614","233","0","age15_24","shighsch","car","bus","train","studyandwork"
"615","233","1","age25_34","university","walk","car","walk","workonly"
"616","234","0","age15_24","jhighsch","train","walk","walk","studyandwork"
"617","234","1","age15_24","primarysch","walk","bus","walk","workonly"
"618","234","2","age25_34","shighsch","car","car","walk","studyandwork"
"619","234","3","age35_64","jhighsch","bus","walk","train","studyandwork"
"620","234","4","age5_14","primarysch","train","walk","walk","studyonly"
"621","235","0","age15_24","shighsch","bus","bus","walk","workonly"
"622","235","1","age15_24","primarysch","train","walk","walk","workonly"
"623","235","2","age65_79","shighsch","train","car","walk","noactivity"
"624","236","0","age25_34","primarysch","bus","walk","walk","workonly"
"625","236","1","age35_64","shighsch","car","car","walk","workonly"
"626","236","2","age15_24","primarysch","bus","train","train","studyandwork"
"627","237","0","age25_34","shighsch","train","bus","train","studyandwork"
"628","237","1","age5_14","primarysch","walk","walk","train","studyonly"
"629","237","2","age5_14","primarysch","walk","walk","car","studyonly"
"630","237","3","age35_64","shighsch","bus","car","bus","workonly"
"631","237","4","age35_64","shighsch","car","walk","car","workonly"
"632","238","0","age15_24","primarysch","walk","walk","walk","workonly"
"633","238","1","age35_64","university","car","bus","car","workonly"
"634","238","2","age35_64","university","car","walk","walk","studyandwork"
"635","238","3","age5_14","primarysch","bus","train","walk","studyonly"
"636","238","4","age25_34","primarysch","walk","bus","train","workonly"
"637","239","0","age25_34","shighsch","bus","train","walk","studyandwork"
"638","239","1","age35_64","shighsch","car","bus","car","workonly"
"639","239","2","age25_34","jhighsch","bus","walk","car","studyandwork"
"640","239","3","age35_64","shighsch","train","train","car","studyandwork"
"641","239","4","age25_34","university","train","walk","car","studyandwork"
"642","240","0","age15_24","university","bus","walk","car","workonly"
"643","240","1","age5_14","primarysch","bus","train","train","studyonly"
"644","240","2","age35_64","shighsch","bus","train","car","studyandwork"
"645","240","3","age65_79","jhighsch","train","car","car","noactivity"
"646","240","4","age25_34","shighsch","train","walk","bus","studyandwork"
"647","241","0","age25_34","university","train","car","car","workonly"
"648","241","1","age35_64","jhighsch","walk","car","car","workonly"
"649","241","2","age0_4","kindergarten","walk","walk","bus","noactivity"
"650","241","3","age35_64","jhighsch","car","walk","train","workonly"
"651","241","4","age15_24","shighsch","train","bus","train","workonly"
"652","242","0","age5_14","primarysch","walk","car","bus","studyonly"
"653","242","1","age35_64","university","car","car","car","workonly"
"654","242","2","age35_64","shighsch","walk","bus","walk","workonly"
"655","242","3","age25_34","shighsch","walk","car","car","workonly"
"656","242","4","age15_24","primarysch","walk","walk","walk","studyandwork"
"657","243","0","age35_64","primarysch","walk","bus","walk","workonly"
"658","243","1","age35_64","shighsch","car","train","car","workonly"
"659","243","2","age35_64","primarysch","walk","walk","walk","studyandwork"
"660","243","3","age15_24","jhighsch","walk","train","car","studyandwork"
"661","243","4","age35_64","primarysch","walk","car","bus","studyandwork"
"662","244","0","age15_24","shighsch","walk","train","train","workonly"
"663","244","1","age15_24","primarysch","car","train","walk","workonly"
"664","244","2","age35_64","university","car","train","walk","workonly"
"665","245","0","age35_64","jhighsch","walk","car","walk","studyandwork"
"666","245","1","age15_24","jhighsch","train","walk","car","studyandwork"
"667","245","2","age35_64","university","train","car","walk","workonly"
"668","246","0","age15_24","primarysch","walk","walk","walk","workonly"
"669","246","1","age25_34","primarysch","walk","walk","walk","workonly"
"670","246","2","age35_64","university","car","car","car","workonly"
"671","247","0","age35_64","primarysch","car","bus","walk","studyandwork"
"672","247","1","age15_24","jhighsch","walk","walk","train","studyandwork"
"673","247","2","age35_64","shighsch","train","bus","walk","workonly"
"674","248","0","age35_64","primarysch","walk","walk","train","workonly"
"675","248","1","age15_24","jhighsch","walk","train","bus","workonly"
"676","248","2","age80_85","primarysch","car","walk","walk","noactivity"
"677","248","3","age25_34","shighsch","bus","car","car","workonly"
"678","249","0","age35_64","jhighsch","bus","walk","bus","workonly"
"679","249","1","age15_24","university","walk","walk","train","workonly"
"680","249","2","age0_4","kindergarten","bus","walk","walk","noactivity"
"681","250","0","age15_24","primarysch","walk","train","train","studyandwork"
"682","250","1","age25_34","primarysch","walk","car","walk","studyandwork"
"683","250","2","age0_4","kindergarten","walk","walk","walk","noactivity"
"684","250","3","age15_24","shighsch","train","walk","walk","studyandwork"
"685","250","4","age0_4","kindergarten","walk","walk","train","noactivity"
"686","251","0","age35_64","shighsch","car","train","walk","workonly"
"687","251","1","age35_64","shighsch","car","train","car","studyandwork"
"688","251","2","age25_34","university","car","walk","car","workonly"
"689","251","3","age25_34","university","car","train","car","workonly"
"690","252","0","age25_34","shighsch","train","bus","car","studyandwork"
"691","252","1","age15_24","university","train","train","car","studyandwork"
"692","252","2","age25_34","shighsch","walk","walk","bus","workonly"
"693","253","0","age5_14","primarysch","bus","walk","walk","studyonly"
"694","253","1","age5_14","primarysch","bus","train","walk","studyonly"
"695","253","2","age25_34","jhighsch","car","train","train","studyandwork"
"696","253","3","age35_64","primarysch","walk","bus","walk","workonly"
"697","253","4","age5_14","primarysch","walk","car","car","studyonly"
"698","254","0","age25_34","jhighsch","walk","car","walk","studyandwork"
"699","254","1","age25_34","university","car","train","walk","workonly"
"700","254","2","age25_34","jhighsch","car","car","train","studyandwork"
"701","254","3","age35_64","university","car","car","car","studyandwork"
"702","254","4","age5_14","primarysch","walk","train","bus","studyonly"
"703","255","0","age35_64","university","train","car","car","workonly"
"704","255","1","age35_64","jhighsch","train","car","car","studyandwork"
"705","255","2","age5_14","primarysch","walk","train","walk","studyonly"
"706","255","3","age35_64","jhighsch","walk","bus","walk","workonly"
"707","255","4","age25_34","primarysch","bus","train","walk","workonly"
"708","256","0","age25_34","university","car","bus","walk","workonly"
"709","256","1","age15_24","jhighsch","car","bus","walk","studyandwork"
"710","256","2","age35_64","university","train","car","train","studyandwork"
"711","256","3","age25_34","primarysch","walk","train","walk","workonly"
"712","256","4","age15_24","shighsch","train","train","car","studyandwork"
"713","257","0","age25_34","primarysch","walk","train","bus","workonly"
"714","257","1","age15_24","jhighsch","walk","walk","car","workonly"
"715","257","2","age5_14","primarysch","car","walk","bus","studyonly"
"716","257","3","age25_34","university","bus","bus","bus","studyandwork"
"717","257","4","age35_64","university","car","train","train","workonly"
